﻿Name,Created,Date,Tags
PETF10/41,"September 6, 2024 9:20 AM",,
PETF10/296,"September 17, 2024 4:42 PM",,
PETF10/84,"September 6, 2024 9:21 AM",,
PETF10/428,"September 17, 2024 10:37 PM",,
PETF10/118,"September 17, 2024 8:35 PM",,
PETF10/394,"September 6, 2024 9:22 AM",,
PETF10/411,"September 6, 2024 9:22 AM",,
PETF10/79,"September 6, 2024 9:19 AM",,
PETF10/75,"September 17, 2024 3:49 PM",,
PETF10/306,"September 15, 2024 5:26 PM",,
PETF10/01,"August 30, 2024 11:32 AM",,
PETF10/301,"September 15, 2024 6:20 PM",,
PETF10/08,"September 15, 2024 5:02 PM",,
PETF10/402,"September 17, 2024 5:46 PM",,
PETF10/164,"September 17, 2024 6:41 PM",,